{
  "Time": {
    "mean": -0.1388662992297072,
    "std": 0.9847579189382956,
    "min": -1.9980726217141584,
    "max": 1.6405491151001754
  },
  "V1": {
    "mean": -2.274859185081613,
    "std": 5.497303307945957,
    "min": -56.407509631329,
    "max": 2.45188848995359
  },
  "V2": {
    "mean": 1.8116125461058692,
    "std": 3.620169888481042,
    "min": -72.7157275629303,
    "max": 22.0577289904909
  },
  "V3": {
    "mean": -3.489934686431866,
    "std": 6.242453883919805,
    "min": -48.3255893623954,
    "max": 9.38255843282114
  },
  "V4": {
    "mean": 2.2530168698712543,
    "std": 3.168767212696335,
    "min": -5.68317119816995,
    "max": 16.8753440335975
  },
  "V5": {
    "mean": -1.5589338512312063,
    "std": 4.168473674387719,
    "min": -113.743306711146,
    "max": 34.8016658766686
  },
  "V6": {
    "mean": -0.7215371498367903,
    "std": 1.672831676798117,
    "min": -26.1605059358433,
    "max": 73.3016255459646
  },
  "V7": {
    "mean": -2.7201727449458426,
    "std": 5.783848209390454,
    "min": -43.5572415712451,
    "max": 120.589493945238
  },
  "V8": {
    "mean": 0.40360411334313767,
    "std": 4.421278522410377,
    "min": -73.2167184552674,
    "max": 20.0072083651213
  },
  "V9": {
    "mean": -1.307493314764675,
    "std": 2.2842444462986964,
    "min": -13.4340663182301,
    "max": 15.5949946071278
  },
  "V10": {
    "mean": -2.858929809248185,
    "std": 4.536403959141329,
    "min": -24.5882624372475,
    "max": 23.7451361206545
  },
  "V11": {
    "mean": 1.8827165358985578,
    "std": 2.7618391781542884,
    "min": -4.79747346479757,
    "max": 12.0189131816199
  },
  "V12": {
    "mean": -3.079907619309838,
    "std": 4.578599888130877,
    "min": -18.6837146333443,
    "max": 7.8483920756446
  },
  "V13": {
    "mean": -0.07456662298502886,
    "std": 0.9941726968883302,
    "min": -5.79188120632084,
    "max": 7.12688295859376
  },
  "V14": {
    "mean": -3.4847697658331818,
    "std": 4.626103485143334,
    "min": -19.2143254902614,
    "max": 10.5267660517847
  },
  "V15": {
    "mean": -0.03622550289983944,
    "std": 0.9392481604416264,
    "min": -4.49894467676621,
    "max": 8.87774159774277
  },
  "V16": {
    "mean": -2.025288519398113,
    "std": 3.4449424433736153,
    "min": -14.1298545174931,
    "max": 17.3151115176278
  },
  "V17": {
    "mean": -3.282044267603389,
    "std": 5.88550358830455,
    "min": -25.1627993693248,
    "max": 9.25352625047285
  },
  "V18": {
    "mean": -1.084184447823606,
    "std": 2.3681911331641805,
    "min": -9.49874592104677,
    "max": 5.04106918541184
  },
  "V19": {
    "mean": 0.3172384244291153,
    "std": 1.2291643644129058,
    "min": -7.21352743017759,
    "max": 5.57211332687969
  },
  "V20": {
    "mean": 0.17912111249378346,
    "std": 1.0275558358613777,
    "min": -54.497720494566,
    "max": 39.4209042482199
  },
  "V21": {
    "mean": 0.3197806588602411,
    "std": 2.463234021223419,
    "min": -34.8303821448146,
    "max": 27.2028391573154
  },
  "V22": {
    "mean": 0.021095479244502596,
    "std": 1.0614251996660267,
    "min": -10.933143697655,
    "max": 10.5030900899454
  },
  "V23": {
    "mean": -0.012805331130715952,
    "std": 0.9482287058233758,
    "min": -44.8077352037913,
    "max": 22.5284116897749
  },
  "V24": {
    "mean": -0.05549631944052066,
    "std": 0.5398157041262441,
    "min": -2.83662691870341,
    "max": 4.58454913689817
  },
  "V25": {
    "mean": 0.030677033816159337,
    "std": 0.6200427036978471,
    "min": -10.2953970749851,
    "max": 6.07085038407798
  },
  "V26": {
    "mean": 0.018724596598527245,
    "std": 0.44123911837084173,
    "min": -2.60455055280817,
    "max": 3.5173456116238
  },
  "V27": {
    "mean": 0.08535031391690145,
    "std": 0.9614822920377382,
    "min": -22.5656793207827,
    "max": 31.6121981061363
  },
  "V28": {
    "mean": 0.048074082642772575,
    "std": 0.4280589005352728,
    "min": -15.4300839055349,
    "max": 33.8478078188831
  },
  "Amount": {
    "mean": 0.040814434958200176,
    "std": 0.9243256680196472,
    "min": -0.3516894394871249,
    "max": 102.11699994312023
  }
}